,IG Username
0,gem0816
1,derek_tch
2,kelly.fuu
3,ansonlht
4,keung_show
5,hinscheung
6,on_9life
7,iancychan
8,aliaime
9,mcheung1201
10,wongtsuiyu
11,jkt48.jeane
12,tysonyoshi
13,roxannetong
14,yurick.17
15,mreasonchan
16,selenaleelalee
17,cb.binggg
18,coffee89921
19,falachenfala
20,natalietong53
21,janice_man
22,ivyysooo
23,arryuu
24,tavia_yeung
25,jeremylaous
26,wong_manman
27,nwuuu
28,sammkoling
29,heungheungeliza
30,jeffreyngai
31,chungkayanlinda
32,misselvani
33,missjni
34,tianzhiwen_triplets
35,iamnickycoser
36,sammi_chengsauman
37,lihkg.forum
38,m0oo0nster
39,lucy.is.good
40,_kisang_
41,gwgurlie86
42,100mosthk
43,chan.tsz.ying
44,chanyunmi
45,tracytschu
46,deniskwok193
47,huang45490
48,benontheroad
49,lenus_ig
50,gem0816
51,derek_tch
52,kelly.fuu
53,ansonlht
54,keung_show
55,hinscheung
56,on_9life
57,iancychan
58,aliaime
59,mcheung1201
60,wongtsuiyu
61,jkt48.jeane
62,tysonyoshi
63,roxannetong
64,yurick.17
65,mreasonchan
66,selenaleelalee
67,cb.binggg
68,coffee89921
69,falachenfala
70,natalietong53
71,janice_man
72,ivyysooo
73,arryuu
74,tavia_yeung
75,jeremylaous
76,wong_manman
77,nwuuu
78,sammkoling
79,heungheungeliza
80,jeffreyngai
81,chungkayanlinda
82,misselvani
83,missjni
84,tianzhiwen_triplets
85,iamnickycoser
86,sammi_chengsauman
87,lihkg.forum
88,m0oo0nster
89,lucy.is.good
90,_kisang_
91,gwgurlie86
92,100mosthk
93,chan.tsz.ying
94,reginahyt
95,concertyy
96,shi_ga
97,chilllit_seoul
98,chloe_so
99,frankie729
100,iamkingjer
101,dadachan
102,kootinlok_louis
103,girlfriendwestface
104,jumbotsang
105,ghlchan
106,3siblingsss
107,jojo__wu
108,itstiffanylau
109,kennethmkm
110,jeremy_0908
111,pomatohk
112,huang45490
113,aimeechan_official
114,sofunhahaha
115,soching_nat
116,jlouofficial
117,yungchoyee
118,myoliemyolie
119,carlhoudee
120,sabrinapingping_
121,wongmanyik
122,zoeso0930
123,6y_day
124,yeungchinwah
125,rebecca_zhu
126,53yfp
127,kaytse
128,903ahjeng
129,mid810
130,tungtungdess
131,sammy903
132,lok_lokyii
133,seoulo.diary
134,reneebobo
135,pantherchan
136,gloriapuiyeetang
137,yukimaryrosel
138,laurinda_ho
139,chenchiyiu
140,jazziesillona
141,sisleychoi
142,krisssica
143,kayan9896
144,reginahyt
145,chapmantoslateshow
146,danny_chungg
147,deegor_hkwa
148,what7iwatch
149,discuss_hk
150,chongtingyanelkie
151,tinyuilee
152,boris1027_
153,angela.yuen
154,gareth_tong
155,smilingboris
156,heidibibe
157,thisisshl
158,fatboyip
159,joeie_foodie
160,mr.adampak
161,louisa_mak
162,jeffreyfok_224
163,shamshirley
164,carinalau1208
165,hungkaho
166,cheungkalonggggg
167,rosinalam
168,hkdisneyland
169,llokmann
170,gigilai_official
171,hillarylau
172,hk.dict
173,candyw1219
174,schools.secrets
175,kungkaty
176,crystalfyy
177,louischeung2013
178,hoccgoomusic
179,physit
180,yiminghay
181,cathaypacific
182,cotton_ckc
183,virgotw88
184,repicantee
185,suechangg
186,sixtycents
187,_bowiecheung
188,sandrangky
189,candies_wawa
190,ngk
191,discoverhongkong
192,dou6lei5syu1
193,fhproductionhk
194,wong_kar_wai
195,hoii.chingg
196,kie_wanwilai
197,ah_to_hk
198,kong.news
199,lukhoo
200,do_do_cheng
201,rumiibabe
202,chumichael
203,dou6lei5syu1
204,stboo
205,couple.murmur
206,chingyanfu
207,matthew_hkp
208,dax.the.doll
209,yumiko.chengy
210,collar.weare
211,k_p0k1
212,miumiu__au
213,yulyen_wizone
214,he_dantongg
215,mimi__1.2
216,_marifemarife_
217,soaplau
218,fatjer_
219,comeonjames1
220,rosalina1114
221,official_sistar
222,kevincheng_official
223,hsiaksueudidi
224,cloudwann
225,vvyeo
226,aka_chio
227,michellewsn
228,_kelvina
229,rainkywai
230,owencheung
231,kobeengineer
232,veeceecheng
233,yannyyc
234,yoyo_kot
235,therivergirl
236,hakkaphil
237,jackykycai
238,on9eatword
239,anitachui
240,santis_chan
241,mung.yu
242,vincentwong07
243,water_wild_month
244,plasticthing
245,hoii.chingg
246,kie_wanwilai
247,ah_to_hk
248,kong.news
249,lukhoo
250,hami_1201
251,hannavanharanta
252,herachann
253,megannjacques
254,moon.cytt
255,iris_lammm
256,kissty_chan
257,kitling_
258,chantalebelle
259,becalouest
260,sophibae
261,joelshanchung
262,____s.o.p.h.i.a____
263,footballnewsexpress
264,vivivvtam
265,mayaoo
266,kkc_ky
267,shanewsy
268,zozotam1o1o
269,tzw0518333
270,ngklangus
271,jenniferyuuu
272,natalie.lychan
273,chantelyiu
274,misshunnyig
275,ultimatemostolescf
276,dido__bb
277,recetapositiva
278,jwchubz
279,jacechw
280,jathy_6616
281,huii_alice
282,kan_jessica
283,caswalsh
284,jayfungmusic
285,vmwkong
286,kenneth_maguomingnews
287,rositakpyy
288,ckykylie
289,hannachanx
290,vincent.twh
291,georgiakategordon
292,realbasketballcoach
293,maggieleung0722
294,official_sochiho
295,sohyeon_sharing
296,nk830
297,lisumlingg
298,yumichung1221
299,snappy_hk
300,seenderella_meme
301,bedgor_littleworld
302,wonghoyinraymond
303,caratcheung
304,nicolewmy
305,jeanaho
306,_namyau_
307,21kwanmoon
308,lisumlingg
309,gym_motivation_idol
310,official_huiyin
311,maisyma1999
312,kikiandmaymay
313,benjamiinc
314,janlamb_09
315,mtrsleepers
316,straightblast5
317,_requiem_art
318,paisleyhu
319,lukyungyung
320,apateyourcupcake
321,girlstyle.mag
322,jaime_ctw
323,cusonlo
324,sophieysm
325,hanatam
326,andreamedina.3
327,kpopnews.hk
328,ashinaaa
329,gaugaugaupost
330,koholaendy
331,hkplayndine
332,elannek930
333,eunicechanszeyan
334,increamcat
335,sabrinasa
336,hk01_hk
337,kristinwongxx
338,ccandice.c
339,lckkk
340,finally.officialhk
341,inmediahknet
342,subyub
343,yawen_j
344,juno_mak
345,makerville.official
346,sweetcil
347,jimyan
348,ulifestylehk
349,kittyyuen
350,j.sicasi
351,kittyyuen
352,hifivehk
353,siisbeauty
354,pumpkinjojoinstagram
355,audrey.yung
356,bonniepangart
357,aikonari.art
358,kafai_35
359,snow711
360,killer.1125
361,jefferykwan
362,lh.kking
363,katy.wt
364,_dwarf_monster_
365,jessicahsuan_official
366,maisyma1999
367,locker_94
368,gigileungwingkei
369,gracelaukarate
370,tosiukiu
371,gagarieo
372,cissy.pastel
373,winka_chan
374,jinnyng
375,phoebus_ng
376,kasin520
377,h.______1
378,kaikai_babyg
379,sleepy_bunny123
380,fish331
381,west_wingm
382,share_recipess
383,curry_wnw
384,iamashleyyy___
385,jordan_chan_36
386,makholaam
387,ngaionchi_kathy
388,ly_joxx
389,zac_nirvana_
390,nagihaha_
391,_jenniferfafa_
392,luluthepiggy_official
393,__on.i
394,ahgigiha
395,guruhung
396,thaimay_spicy
397,holidaysmart.hk
398,rosannewong
399,_nsyee
400,wingt
401,luffy.laufyfamily
402,jordan_tcm
403,maglam_
404,tiendao06
405,ngkelly_
406,sausau_lsm
407,siumui.ig
408,iam.manson
409,chanjason_
410,sofiavdsp
411,me.stillalive
412,stand.for.hk
413,leeszekee
414,polly.cpl
415,ninerush2020
416,stephaniehsau
417,afterschool_hk
418,oo_lth
419,tv_most
420,pakhungjai
421,passorn0013
422,miggie.maggie
423,renews_hk
424,our_memory_lock
425,gordonyeung314
426,hazel.1120
427,alfred_cho
428,c.705
429,oldhkincolour
430,sowinghong
431,melomelojai
432,popsalehk
433,plasticguyss
434,beginneros
435,the.reynolds.family.hk
436,stefaniabassey
437,tmh_xd
438,69ranch
439,vanishing.hongkong
440,khengchan_
441,gg_animalism
442,flaviawg
443,no_ear_meow_potato
444,joeyyysze
445,michexx.l_
446,egg_roll328
447,ding_2
448,carmen_wennnnn
449,kkbaby_fp
450,yvette.cc
451,as1.entertainment
452,wingyi127
453,cceciliayeung
454,011011_egg
455,richard_xrx
456,wongyuenb
457,bullshitfromyrex
458,carriedraw
459,rennienini
460,kathychow520
461,mingtai_
462,hhazelsdaily
463,hungcl
464,manifokfok
465,icy.wong
466,gin_sum_cos
467,samantha_sum
468,charmainefong
469,pungpond_candy
470,haileyc
471,ellemenhk
472,inez_leong
473,skuu.i
474,001ericackw
475,lllarine
476,candywong11111
477,mmm1122
478,beautydigest.hk
479,tinyeyes39
480,lawjoey
481,fafanmaisie
482,hungjeruncle
483,chufune
484,poortravellers
485,neko_yiyi
486,fulosze
487,ceciliaso
488,larry__65
489,marc_ip
490,zenokoo
491,kiki.cyn
492,quotes_takenotes
493,renciysw
494,janice_vidal
495,coco_wong_chinyui
496,kiuu922
497,yanyan_c
498,rinacat_ig
499,byd_global
500,karl_ting
501,miro.weallare
502,foodxtaste
503,kelvin_yuen_
504,mcdonaldshk
505,jeongwoolf
506,baby_elly312
507,xiaoting.gfriend
508,sabrinnchaa
509,kayan_yau
510,ham_ricecake1215
511,hkgoldenforum
512,lisamarie_tse
513,at.sheik
514,donaldtong
515,01.ring
516,krystal_petrichor
517,harrisoncheung
518,_alyciac
519,bbpigbebe
520,nikehkg
521,rubberband
522,icqmetonight
523,xeniachong
524,koktakchiu
525,lokyilai
526,dkvian
527,honganc
528,angelamiuz
529,dokdoksoda
530,lily_wong_0703
531,khdcheung
532,pumpkinjenn
533,girlsfoodies
534,windiberlianti
535,girlsquote.hk
536,gordonlau_
537,ninaa0821
538,lightyouup_channel
539,hana_kuk
540,jenniferjshum
541,p.uiki
542,hao._.1222
543,lovers_channel_
544,isabellaaaaa
545,hkcropcircle
546,garycheung
547,yanyan_c
548,rinacat_ig
549,byd_global
550,kayeepo
551,mar.tin.wong
552,lee_cy
553,willallwailam
554,gaakyoung
555,jiggie_boy
556,jozielu
557,tamsyin
558,_see_mi_2
559,natnat_is_me
560,wins0102
561,suetyic_
562,sukman_lam
563,hilaryxtsui
564,hey.h17
565,leungpakkin
566,pun._.chyy
567,hiuchinngg__
568,sadelle
569,f.o.v_
570,leavehousesafe
571,moonstyles_
572,chickenwingli
573,yutingting94
574,ansonlohontingfanclub
575,imlmelo
576,carcarmenngai
577,kitkat_soleil
578,pizzanara__
579,betterme.magazine
580,humour.of.hk
581,tommy_mixedfatboy
582,kayanyanc
583,dustykid_hk
584,ianchan.hk
585,lifemagichk
586,madness_online
587,khy_official
588,annabelle__tam
589,alma.meow
590,y.oungjii
591,danielchanreal
592,aarrghhhhhhhhhhh
593,katiekwongxx
594,ubudianchef
595,linlin_hzt
596,ceciliachoii
597,thorlok
598,elsie_lui
599,kamankelsey
600,viutv
601,riccong
602,wysminnie
603,limanfong
604,hpgroxanne
605,rfacantonese
606,des.lo
607,king.alenaaaa_
608,dada.ragdoll
609,betiskitchenx
610,bluebanana8
611,whoisyanting
612,untilblank
613,alvinaaaaa.t
614,meikiw
615,emilychttt
616,kellybaby603
617,joannyle
618,jessx.icaa
619,hongkong88news
620,_mumuuu__
621,catry
622,karenyeahhh
623,kevinstarkchu
624,ansonbean
625,lws_winsy
626,sueykwok
627,badfriendstarsign
628,leekwunyu
629,bb___bear
630,kayeechau
631,alexfongliksun
632,karenalamkayan
633,lingchengg
634,missnatalienunn__
635,ching_yee0205
636,celina_harto
637,moviematic
638,isabella_lau
639,lqamy
640,emilylam.ho
641,tsesaipei
642,niklas_lamcf
643,katekng
644,giant_rice2m
645,leilakong1205
646,juzconam
647,nicholasku_
648,helibee.901
649,explore_hongkong
650,lovestoryhk
651,ngyika
652,sorra.beauty
653,nickneylu
654,claudiatyu
655,imchristyleung
656,step_bystep
657,whl.jpg
658,sportlight.hk
659,edanlui_fansclub
660,liliyakozlova.it
661,samuiii218
662,avery.leung
663,khelfigueroaa
664,stanley__tse
665,win_dy__
666,harpersbazaarhk
667,felixhumor1
668,tyukwing
669,luciayam
670,bbchk888
671,andreaso_
672,chiptso
673,sis3ter
674,laiyiucheung
675,hkfood_station
676,pamelacheung
677,tobyleungchingki
678,siulun_shawn
679,keikei.lo_
680,leemaishun
681,90lover_story
682,sfung1230
683,nightlittlefox
684,reneehooooo
685,heyman_lam
686,carmaneysantiago
687,tofuyiuuuu
688,hongkong8090s
689,phybby_
690,emilylam.ho
691,tsesaipei
692,niklas_lamcf
693,katekng
694,giant_rice2m
695,leilakong1205
696,juzconam
697,nicholasku_
698,helibee.901
699,explore_hongkong
700,soh_gamgam
701,jjjoann
702,cynbunny
703,fitfitfood__
704,kayla.lau
705,reehem_toumy
706,vawongsir
707,jjwilliamjj
708,no7
709,kawaiiifong
710,dr_maret_lee
711,foodiegogoooo
712,tsanghiusze
713,angustsui
714,uglykwan
715,lisalauseehei
716,amazingtalker
717,mbpproduce
718,vika_poledance
719,luky_ifbbmodel
720,_kyubi_official
721,_yiuuyo
722,mr_littlecat
723,deer.cos
724,ash99_____
725,andysunwan
726,aleksiy111
727,n.icolehw
728,amilia_wan
729,worldofcoffeeofficial
730,williamchandata
731,fatfatpeoplevivian
732,sapeiar
733,corrupttheyouth
734,kwongchunyu
735,moov_music
736,carsonnsean
737,mcheung1201_officialfc
738,kb_kevinboy
739,ka.98ww
740,amber.tcy
741,hkmehmeh
742,icable.news
743,emilyszemei
744,aood_aungkana
745,lynuswoo
746,talkfood
747,zoey._uen
748,k_thyy
749,viralmakeuptuts
750,wty1127
751,hkfunfoodrecord
752,ansonkeverything
753,adidashk
754,twosmallmouth
755,jiejie_unclecat
756,adrienyau0108
757,cheriiiart
758,ns_draw
759,krystal_kyf
760,tingyinnnnn
761,crztoto
762,yunn.617
763,rosannang_yautsz
764,micmichow
765,tswapm
766,lesleychianglove
767,umagazinehk
768,wongfeiiiiii
769,fionahhw
770,tong_dogdogdog
771,on9funny
772,jesscambensy
773,irene._zip
774,__wattt
775,maggie_stadelmann
776,mrmilkdiary
777,yankayan
778,taniackc
779,esquirehk
780,rokku_sama
781,bacalhau.ent
782,kok.evelyn
783,renueva_tualma
784,oyantsui
785,thejackhuston
786,sinnnnnnnn13
787,selinalikesmcdchickeneggburger
788,xoxogigiselle
789,queeniechu422
790,_swaggy_billy
791,yautaitung
792,preet_pablo
793,phoebe.unprofessional.journey
794,1766_jj
795,diamerlyn
796,poorjjfoodie
797,rainli1111
798,babyjohnchoi
799,heidilau0905
800,suki.chk
801,victoriabelle___
802,smartposthk
803,cobessentials
804,alinaln_
805,nkwan713
806,tiffany._.luk
807,deep.ressed_soul
808,knetawonggg
809,kippppy_
810,te.amo_word
811,suet_e
812,jaco_chan_aj
813,cherryluii
814,yvonneclose
815,balkitsing
816,victoria.tattoohk
817,malisheep
818,ekdev.limbu
819,jasmineeyam
820,ry66n
821,adapcy
822,moonieckm
823,emiliawyk.censored
824,jadelamm
825,irinateting
826,nie_san_
827,vko1215
828,amy00526
829,foodcafealcoholic
830,lady.atom
831,chrisleungtravels
832,weather.hk
833,cattraveltime
834,berawaldariember
835,haryvonne
836,hkfoodcravers
837,delocalizer
838,master_qi_xian_yu_
839,hu9z
840,ayukawa_taiyo
841,siuyea_lo
842,_llydiaidyll_
843,on_se_voit_a_stutzheim
844,chickcsyyy
845,inafinity
846,meethkcom
847,mono_nanase.770
848,sa_c
849,hkhehememes
850,kikkotai
851,dw_kid12
852,iiiv_zaj
853,twing.tt
854,gigiicheung
855,n.maker_studio
856,laizas_
857,karoona_shrestha
858,marasmr_com
859,angelc_ky
860,maggiemanhau
861,gigilee2008
862,llittlepig
863,jinyoung.0922
864,marcochak
865,tongsudjinda10
866,cheungwinghong
867,initiumphoto
868,leannefu_1027
869,showa_f
870,arnoldkwokk
871,77_sneakers
872,ferbyfern
873,avapunnn
874,pippitheboss
875,pppuiyuk._
876,imsemvia_
877,newayyee_yoga
878,carmenyim
879,yyshadowpoems
880,the_rayho
881,isfern.s
882,chankitki
883,sandytooooo
884,imagine_sona
885,ripalhy
886,ho_pui
887,mylunchmeat
888,lilililili_sa.w
889,dimplez_verse
890,kaening
891,helen._.bear
892,bt__art23
893,shlchan_
894,alittlekay_
895,cherrr2_
896,chuckyching
897,archie_sin
898,gmagazine.hk
899,ayu.w___
900,hieey_heika
901,kiki.is.cooking
902,kayingslife
903,starry.with.kol
904,wayii
905,__hughcheung
906,wakongdahk
907,mansonvibes
908,ryanchoiiiii
909,jaysley
910,ktbklw
911,rachel.yam
912,stellashutee
913,skymart_hk
914,bani.tt
915,yanyaascyy
916,cookinghayhay
917,greenutss
918,lamtszsin413
919,upgrade_hk
920,football.matter
921,wang_liza
922,supgalzjigkee
923,supahotgai
924,arz.alphie
925,keobeisanxiao
926,w.btsluv
927,jasonlkc_chiu
928,kotarou.diet
929,yuenwrong
930,gigi_ggggg
931,rtv_runningteam
932,jonjon_jonathannn
933,jfftismylife
934,open.holidays
935,ballchi_meow
936,saffiesaffie
937,lyf_maggie
938,shshsherman
939,lunayuetyee
940,daaa.beano
941,casslamb
942,bt__art23
943,shlchan_
944,alittlekay_
945,cherrr2_
946,chuckyching
947,archie_sin
948,gmagazine.hk
949,ayu.w___
950,myyoann
951,palsinn
952,chungkelsey
953,redline26shop
954,1starcaptain
955,connielam418
956,agnes.the.foodie
957,cathy_kww
958,mamamarceline
959,fatman_yiu
960,rambler15
961,lizeatery
962,mameshiba.thanos
963,jjackielauu
964,businessfocus.io
965,kelly_fitnessdaily
966,iamlokyibb
967,terrychui22
968,simmiithakur
969,michelle_looooo
970,berniceliuofficial
971,kakachan_0827
972,kimbeechan_official
973,snowybai
974,vitokokkl
975,louiswong618
976,hilaryasdf
977,wongkalok1214
978,dearjanetim
979,melody.is.not.bad.girl
980,jessicatsoi
981,izabearlur
982,irenewan730
983,kolor_official
984,beinghongkong
985,jming_j
986,_little_toxiccc_
987,mpw.culture
988,layd.tarot
989,suennwong
990,laichieagle
991,jasmin_why
992,glorrrrr
993,cherieyeung_yui
994,jazzicabbx
995,yeung_sonson
996,hkfoodtalk
997,s.tongli
998,siuhinng
999,maubolung
